{"mean":{"confidence_interval":{"confidence_level":0.95,"lower_bound":6.6527221168457435,"upper_bound":6.724697662409066},"point_estimate":6.6837237845241395,"standard_error":0.018511626016476584},"median":{"confidence_interval":{"confidence_level":0.95,"lower_bound":6.60508664459214,"upper_bound":6.623733214961756},"point_estimate":6.615406006053302,"standard_error":0.0056862226383379375},"median_abs_dev":{"confidence_interval":{"confidence_level":0.95,"lower_bound":0.024342613928609865,"upper_bound":0.05722509952182696},"point_estimate":0.04237364946121278,"standard_error":0.009598341011295187},"slope":{"confidence_interval":{"confidence_level":0.95,"lower_bound":6.622021580545368,"upper_bound":6.667344861841141},"point_estimate":6.64190571725165,"standard_error":0.01161996486491614},"std_dev":{"confidence_interval":{"confidence_level":0.95,"lower_bound":0.09423950604428719,"upper_bound":0.281111764886121},"point_estimate":0.18540932834785434,"standard_error":0.05766028537163324}}