{"mean":{"confidence_interval":{"confidence_level":0.95,"lower_bound":6.040341228621414,"upper_bound":6.162563901338128},"point_estimate":6.099704245794881,"standard_error":0.031144704618230507},"median":{"confidence_interval":{"confidence_level":0.95,"lower_bound":5.905640210354504,"upper_bound":6.051778518947156},"point_estimate":5.944396750671849,"standard_error":0.0336317469849916},"median_abs_dev":{"confidence_interval":{"confidence_level":0.95,"lower_bound":0.08370357073254174,"upper_bound":0.26724722737737056},"point_estimate":0.14900944138572153,"standard_error":0.042131874740325786},"slope":{"confidence_interval":{"confidence_level":0.95,"lower_bound":6.200289146699341,"upper_bound":6.371062679310081},"point_estimate":6.288892024312888,"standard_error":0.04362782618259871},"std_dev":{"confidence_interval":{"confidence_level":0.95,"lower_bound":0.26783830944997616,"upper_bound":0.34719253825818686},"point_estimate":0.3135061250430476,"standard_error":0.020346867884143725}}