{"mean":{"confidence_interval":{"confidence_level":0.95,"lower_bound":734.7206550871898,"upper_bound":749.7615086758885},"point_estimate":741.5541307296742,"standard_error":3.8724724661211756},"median":{"confidence_interval":{"confidence_level":0.95,"lower_bound":729.9979749368657,"upper_bound":731.5874305409018},"point_estimate":730.8943206678858,"standard_error":0.4032233139156105},"median_abs_dev":{"confidence_interval":{"confidence_level":0.95,"lower_bound":1.7355317936304713,"upper_bound":3.1804813661184754},"point_estimate":2.3224422388006967,"standard_error":0.35097328850803095},"slope":{"confidence_interval":{"confidence_level":0.95,"lower_bound":731.087156664866,"upper_bound":735.5125273793798},"point_estimate":732.7162477716279,"standard_error":1.2071067922447158},"std_dev":{"confidence_interval":{"confidence_level":0.95,"lower_bound":20.010789550335087,"upper_bound":52.35276142999682},"point_estimate":38.939979569702565,"standard_error":8.120631046862679}}